tag,question,context,,,,,,,,,,,,,,,,,,,,,,,,
3yeardegree,do you accept three year degrees from India,We accept three-year degree from universities in India if it was from an A ranked institution and you were in the first class. If you have a three-year degree from another country please email at gradanalytics@georgetown.edu,,,,,,,,,,,,,,,,,,,,,,,,
3yeardegree,"if i have a three year undergraduate degree, am i eligible to apply",We accept three-year degree from universities in India if it was from an A ranked institution and you were in the first class. If you have a three-year degree from another country please email at gradanalytics@georgetown.edu,,,,,,,,,,,,,,,,,,,,,,,,
3yeardegree,Is 3 years bachelors degree acceptable,We accept three-year degree from universities in India if it was from an A ranked institution and you were in the first class. If you have a three-year degree from another country please email at gradanalytics@georgetown.edu,,,,,,,,,,,,,,,,,,,,,,,,
3yeardegree,is three year bachelors degree from India accepted,We accept three-year degree from universities in India if it was from an A ranked institution and you were in the first class. If you have a three-year degree from another country please email at gradanalytics@georgetown.edu,,,,,,,,,,,,,,,,,,,,,,,,
3yeardegree,Does your university accept fifteen years of education,We accept three-year degree from universities in India if it was from an A ranked institution and you were in the first class. If you have a three-year degree from another country please email at gradanalytics@georgetown.edu,,,,,,,,,,,,,,,,,,,,,,,,
additional certificates,I want to provide additional online learning certificates for your consideration.,Please forward these documents directly to the Office of Graduate Admissions: gradmail@georgetown.edu.,,,,,,,,,,,,,,,,,,,,,,,,
additional certificates,Can i attach additional certification to my application,Please forward these documents directly to the Office of Graduate Admissions: gradmail@georgetown.edu.,,,,,,,,,,,,,,,,,,,,,,,,
additional certificates,how can i add online certificates to my application,,,,,,,,,,,,,,,,,,,,,,,,,
additional certificates,can i add certificates to my application,Please forward these documents directly to the Office of Graduate Admissions: gradmail@georgetown.edu.,,,,,,,,,,,,,,,,,,,,,,,,
additional certificates,where can i add online certificates in my application,Please forward these documents directly to the Office of Graduate Admissions: gradmail@georgetown.edu.,,,,,,,,,,,,,,,,,,,,,,,,
admission,Can I apply for the data science program?,Please review the program admission requirements on our website https://analytics.georgetown.edu/admissions/requirements/,,,,,,,,,,,,,,,,,,,,,,,,
admission,can you help me with admission requirements.,Please review the program admission requirements on our website https://analytics.georgetown.edu/admissions/requirements/,,,,,,,,,,,,,,,,,,,,,,,,
admission,Can you tell me if I eligible for the program,Please review the program admission requirements on our website https://analytics.georgetown.edu/admissions/requirements/,,,,,,,,,,,,,,,,,,,,,,,,
admission,Could you please help me with the eligibility to apply for this course?,Please review the program admission requirements on our website https://analytics.georgetown.edu/admissions/requirements/,,,,,,,,,,,,,,,,,,,,,,,,
admission,I wanted to check if I am qualified to apply for the program?,Please review the program admission requirements on our website https://analytics.georgetown.edu/admissions/requirements/,,,,,,,,,,,,,,,,,,,,,,,,
Appointment,May I please schedule a video call with an admissions officer to learn more about the program and the funding opportunities that exist?,Please send us an email at gradanalaytics@georgetown.edu,,,,,,,,,,,,,,,,,,,,,,,,
Appointment,I am hoping to connect with an admissions counselor to ask a few questions about the program and the application process.,Please send us an email at gradanalaytics@georgetown.edu,,,,,,,,,,,,,,,,,,,,,,,,
Appointment,Can I please speak with someone in the department to get some more information?,Please send us an email at gradanalaytics@georgetown.edu,,,,,,,,,,,,,,,,,,,,,,,,
Appointment,I wanted to talk to someone a little more about Georgetown's program to see if it's the best fit for me,Please send us an email at gradanalaytics@georgetown.edu,,,,,,,,,,,,,,,,,,,,,,,,
Appointment,"Could I get an opportunity to connect with you,Ami or anyone from the DS&A team at Georgetown over a zoom or phone call?",Please send us an email at gradanalaytics@georgetown.edu,,,,,,,,,,,,,,,,,,,,,,,,
Appointment,Do you host a seminar or have any resources which would help me decide?,Please send us an email at gradanalaytics@georgetown.edu,,,,,,,,,,,,,,,,,,,,,,,,
Appointment,I would love to speak to someone on the phone about the program and the admissions process.,Please send us an email at gradanalaytics@georgetown.edu,,,,,,,,,,,,,,,,,,,,,,,,
Appointment,"If I could schedule a thirty minute conversation with someone, that would be great!",Please send us an email at gradanalaytics@georgetown.edu,,,,,,,,,,,,,,,,,,,,,,,,
Appointment,Would someone in the admissions department be available to chat sometime next week?,Please send us an email at gradanalaytics@georgetown.edu,,,,,,,,,,,,,,,,,,,,,,,,
Appointment,Would a representative be available to speak with me?,Please send us an email at gradanalaytics@georgetown.edu,,,,,,,,,,,,,,,,,,,,,,,,
Appointment,Is there way that i can talk to military advisor there,Please send us an email at gradanalaytics@georgetown.edu,,,,,,,,,,,,,,,,,,,,,,,,
Appointment,I wanted to have a chat to understand what would be better for me considering my current situation/objectives.,Please send us an email at gradanalaytics@georgetown.edu,,,,,,,,,,,,,,,,,,,,,,,,
Appointment,Is it posible that I could have an on-campus visit this week?,Please send us an email at gradanalaytics@georgetown.edu,,,,,,,,,,,,,,,,,,,,,,,,
Appointment,Can I schedule a time to speak with an admissions counselor over the course?,Please send us an email at gradanalaytics@georgetown.edu,,,,,,,,,,,,,,,,,,,,,,,,
Appointment,I would like to sit down with an advisor to discuss my options,Please send us an email at gradanalaytics@georgetown.edu,,,,,,,,,,,,,,,,,,,,,,,,
Appointment,I was hoping if we could meet up someday,Please send us an email at gradanalaytics@georgetown.edu,,,,,,,,,,,,,,,,,,,,,,,,
Appointment,"I was hoping to arrange a campus visit and if possible, to meet current students and sit in on a class.",Please send us an email at gradanalaytics@georgetown.edu,,,,,,,,,,,,,,,,,,,,,,,,
Appointment,Wondering if you have any time to meet this week to discuss who are the typical applicants for this program and what are the exit opportunities of graduates from this program.,Please send us an email at gradanalaytics@georgetown.edu,,,,,,,,,,,,,,,,,,,,,,,,
Appointment,I was wondering if you could provide a few current students or alumni's contact information so that I can learn more about students day-to-day experience as well as career after the program.,Please send us an email at gradanalaytics@georgetown.edu,,,,,,,,,,,,,,,,,,,,,,,,
Appointment,have a few questions about the program and will be grateful if an analytics grad student can contact me. I am available for a chat or a meetup.,Please send us an email at gradanalaytics@georgetown.edu,,,,,,,,,,,,,,,,,,,,,,,,
Appointment,"I would like to schedule a meeting with the staff of the program to talk about my background and motivations to continue grad school in data science at Georgetown, as well as get to know the program better.",Please send us an email at gradanalaytics@georgetown.edu,,,,,,,,,,,,,,,,,,,,,,,,
Appointment,I was wondering if there are any courses I could sit in on?,Please send us an email at gradanalaytics@georgetown.edu,,,,,,,,,,,,,,,,,,,,,,,,
Appointment,I would like to talk to someone to learn more about the Masters program in Analytics,Please send us an email at gradanalaytics@georgetown.edu ,,,,,,,,,,,,,,,,,,,,,,,,
Appointment,can someone help me with campus tour,Please send us an email at gradanalaytics@georgetown.edu ,,,,,,,,,,,,,,,,,,,,,,,,
Appointment,I will like to have a phone or virtual call with the representative of the admissions committee to understand more about how Georgetown University could help accelerate my personal and career goals.,Please send us an email at gradanalaytics@georgetown.edu,,,,,,,,,,,,,,,,,,,,,,,,
Appointment,can I contact someone for further assistance,Please send us an email at gradanalaytics@georgetown.edu ,,,,,,,,,,,,,,,,,,,,,,,,
Class Size,what is the nominal class size each year?,"There are typically 100-120 students in each incoming class. However, please be assured that our class sizes remain small -- typically there are 25-35 students per classroom, so our students are ensured individual attention.",,,,,,,,,,,,,,,,,,,,,,,,
Class Size,what is the class size on average each year,"There are typically 100-120 students in each incoming class. However, please be assured that our class sizes remain small -- typically there are 25-35 students per classroom, so our students are ensured individual attention.",,,,,,,,,,,,,,,,,,,,,,,,
Class Size,how many students are accepted into the program on an average,"There are typically 100-120 students in each incoming class. However, please be assured that our class sizes remain small -- typically there are 25-35 students per classroom, so our students are ensured individual attention.",,,,,,,,,,,,,,,,,,,,,,,,
Class Size,what would be the class size of the ms analytics program ,"There are typically 100-120 students in each incoming class. However, please be assured that our class sizes remain small -- typically there are 25-35 students per classroom, so our students are ensured individual attention.",,,,,,,,,,,,,,,,,,,,,,,,
Class Size,May I know the estimated class size for the upcoming Fall term?,"There are typically 100-120 students in each incoming class. However, please be assured that our class sizes remain small -- typically there are 25-35 students per classroom, so our students are ensured individual attention.",,,,,,,,,,,,,,,,,,,,,,,,
Defer,"According to the link, do you allow for deferral?","If you decide to request a deferral, you can do so here: https://grad.georgetown.edu/deferral/. You wouldn't get denied if you request to defer. But if you change your mind you can always cancel your deferment and enroll in the current year. You can defer your start date by one year only. If you need to wait longer than that, you would have to re-apply. If you have additional queries please contact gradanalytics@georgetown.edu",,,,,,,,,,,,,,,,,,,,,,,,
Defer,Will you need a new application for next year?,"If you decide to request a deferral, you can do so here: https://grad.georgetown.edu/deferral/. You wouldn't get denied if you request to defer. But if you change your mind you can always cancel your deferment and enroll in the current year. You can defer your start date by one year only. If you need to wait longer than that, you would have to re-apply. If you have additional queries please contact gradanalytics@georgetown.edu",,,,,,,,,,,,,,,,,,,,,,,,
Defer,How many semesters can the admission be defer?,"If you decide to request a deferral, you can do so here: https://grad.georgetown.edu/deferral/. You wouldn't get denied if you request to defer. But if you change your mind you can always cancel your deferment and enroll in the current year. You can defer your start date by one year only. If you need to wait longer than that, you would have to re-apply. If you have additional queries please contact gradanalytics@georgetown.edu",,,,,,,,,,,,,,,,,,,,,,,,
Defer,can i defer to the next fall,"If you decide to request a deferral, you can do so here: https://grad.georgetown.edu/deferral/. You wouldn't get denied if you request to defer. But if you change your mind you can always cancel your deferment and enroll in the current year. You can defer your start date by one year only. If you need to wait longer than that, you would have to re-apply. If you have additional queries please contact gradanalytics@georgetown.edu",,,,,,,,,,,,,,,,,,,,,,,,
Defer,Do I have to pay the $500 deposit and then apply for deferral?,"If you decide to request a deferral, you can do so here: https://grad.georgetown.edu/deferral/. You wouldn't get denied if you request to defer. But if you change your mind you can always cancel your deferment and enroll in the current year. You can defer your start date by one year only. If you need to wait longer than that, you would have to re-apply. If you have additional queries please contact gradanalytics@georgetown.edu",,,,,,,,,,,,,,,,,,,,,,,,
Defer,"When denied, can I still attend the school as it was originally offered?","If you decide to request a deferral, you can do so here: https://grad.georgetown.edu/deferral/. You wouldn't get denied if you request to defer. But if you change your mind you can always cancel your deferment and enroll in the current year. You can defer your start date by one year only. If you need to wait longer than that, you would have to re-apply. If you have additional queries please contact gradanalytics@georgetown.edu",,,,,,,,,,,,,,,,,,,,,,,,
domestic/international applicant,"I’m a US citizen, but I completed my bachelors in India so will I be a domestic or an international student?","Since you are a U.S. citizen, you would be considered a domestic applicant. However, because you graduated from an international institution, you will need to provide WES-evaluated transcripts.",,,,,,,,,,,,,,,,,,,,,,,,
duolingo,Does your program accept the Duolingo English Test instead of TOEFL/IELTS?,"No, the Duolingo English test does not satisfy the requirements. Please check https://analytics.georgetown.edu/admissions/requirements/ for English Language requirements. ",,,,,,,,,,,,,,,,,,,,,,,,
duolingo,Could you please share information about Duolingo English Test Score requirements?,"No, the Duolingo English test does not satisfy the requirements. Please check https://analytics.georgetown.edu/admissions/requirements/ for English Language requirements. ",,,,,,,,,,,,,,,,,,,,,,,,
duolingo,Do you accept the Duolingo test for English proficiency,"No, the Duolingo English test does not satisfy the requirements. Please check https://analytics.georgetown.edu/admissions/requirements/ for English Language requirements. ",,,,,,,,,,,,,,,,,,,,,,,,
duolingo,May I know do you accept TOEFL Special Home edition and Duolingo test?,"No, the Duolingo English test does not satisfy the requirements. Please check https://analytics.georgetown.edu/admissions/requirements/ for English Language requirements. ",,,,,,,,,,,,,,,,,,,,,,,,
duolingo,Do you accept the Duolingo English test,"No, the Duolingo English test does not satisfy the requirements. Please check https://analytics.georgetown.edu/admissions/requirements/ for English Language requirements. ",,,,,,,,,,,,,,,,,,,,,,,,
full_time_work,Is it possible to have a full-time job while being a full-time student?,Students are strongly discouraged from doing this. You are putting both your job performance and your academic performance at risk when you attempt this.,,,,,,,,,,,,,,,,,,,,,,,,
full_time_work,can i work full time while completing the course,Students are strongly discouraged from doing this. You are putting both your job performance and your academic performance at risk when you attempt this.,,,,,,,,,,,,,,,,,,,,,,,,
funding,Are there any scholarship/ funding available for International students,"Our program automatically considers accepted students for merit-based scholarships which are sent alongside a student's acceptance letter. If you get accepted into our program and there is no financial scholarship mentioned then that means you did not get one. As a returning student in your second year, you will be eligible to compete for a merit-based scholarship. Most of our scholarships are the equivalent of one or two classes per year. There are Research Assistant (RA) and Teaching Assistant (TA) opportunities on campus. Assistantships are generally awarded to continuing students who have performed well academically. A number of our students have been RAs for different programs on campus, including Computer Science, Foreign Service, and Public Policy. Our program hires many of our own students as TAs each semester. You can learn about how assistantships work by visiting the Graduate School of Arts and Sciences Financial Support page.",,,,,,,,,,,,,,,,,,,,,,,,
funding,Kindly share additional information on financial support and scholarship to enable me make an informed decision about the application process for Spring 2023.,"Our program automatically considers accepted students for merit-based scholarships which are sent alongside a student's acceptance letter. If you get accepted into our program and there is no financial scholarship mentioned then that means you did not get one. As a returning student in your second year, you will be eligible to compete for a merit-based scholarship. Most of our scholarships are the equivalent of one or two classes per year. There are Research Assistant (RA) and Teaching Assistant (TA) opportunities on campus. Assistantships are generally awarded to continuing students who have performed well academically. A number of our students have been RAs for different programs on campus, including Computer Science, Foreign Service, and Public Policy. Our program hires many of our own students as TAs each semester. You can learn about how assistantships work by visiting the Graduate School of Arts and Sciences Financial Support page.",,,,,,,,,,,,,,,,,,,,,,,,
funding,I would be more than happy to know about the further requirement to get enrolled in the program and also regarding the requirements for getting the Assistantship.,"Our program automatically considers accepted students for merit-based scholarships which are sent alongside a student's acceptance letter. If you get accepted into our program and there is no financial scholarship mentioned then that means you did not get one. As a returning student in your second year, you will be eligible to compete for a merit-based scholarship. Most of our scholarships are the equivalent of one or two classes per year. There are Research Assistant (RA) and Teaching Assistant (TA) opportunities on campus. Assistantships are generally awarded to continuing students who have performed well academically. A number of our students have been RAs for different programs on campus, including Computer Science, Foreign Service, and Public Policy. Our program hires many of our own students as TAs each semester. You can learn about how assistantships work by visiting the Graduate School of Arts and Sciences Financial Support page.",,,,,,,,,,,,,,,,,,,,,,,,
funding,Can you please let me know if there is any scholarship available based on the GPA of undergraduate studies?,"Our program automatically considers accepted students for merit-based scholarships which are sent alongside a student's acceptance letter. If you get accepted into our program and there is no financial scholarship mentioned then that means you did not get one. As a returning student in your second year, you will be eligible to compete for a merit-based scholarship. Most of our scholarships are the equivalent of one or two classes per year. There are Research Assistant (RA) and Teaching Assistant (TA) opportunities on campus. Assistantships are generally awarded to continuing students who have performed well academically. A number of our students have been RAs for different programs on campus, including Computer Science, Foreign Service, and Public Policy. Our program hires many of our own students as TAs each semester. You can learn about how assistantships work by visiting the Graduate School of Arts and Sciences Financial Support page.",,,,,,,,,,,,,,,,,,,,,,,,
funding,Can I be considered for scholarship,"Our program automatically considers accepted students for merit-based scholarships which are sent alongside a student's acceptance letter. If you get accepted into our program and there is no financial scholarship mentioned then that means you did not get one. As a returning student in your second year, you will be eligible to compete for a merit-based scholarship. Most of our scholarships are the equivalent of one or two classes per year. There are Research Assistant (RA) and Teaching Assistant (TA) opportunities on campus. Assistantships are generally awarded to continuing students who have performed well academically. A number of our students have been RAs for different programs on campus, including Computer Science, Foreign Service, and Public Policy. Our program hires many of our own students as TAs each semester. You can learn about how assistantships work by visiting the Graduate School of Arts and Sciences Financial Support page.",,,,,,,,,,,,,,,,,,,,,,,,
funding,Can my scholarship be increased?,"Our program automatically considers accepted students for merit-based scholarships which are sent alongside a student's acceptance letter. If you get accepted into our program and there is no financial scholarship mentioned then that means you did not get one. As a returning student in your second year, you will be eligible to compete for a merit-based scholarship. Most of our scholarships are the equivalent of one or two classes per year. There are Research Assistant (RA) and Teaching Assistant (TA) opportunities on campus. Assistantships are generally awarded to continuing students who have performed well academically. A number of our students have been RAs for different programs on campus, including Computer Science, Foreign Service, and Public Policy. Our program hires many of our own students as TAs each semester. You can learn about how assistantships work by visiting the Graduate School of Arts and Sciences Financial Support page.",,,,,,,,,,,,,,,,,,,,,,,,
funding,I have some questions regarding RA positions?,"Our program automatically considers accepted students for merit-based scholarships which are sent alongside a student's acceptance letter. If you get accepted into our program and there is no financial scholarship mentioned then that means you did not get one. As a returning student in your second year, you will be eligible to compete for a merit-based scholarship. Most of our scholarships are the equivalent of one or two classes per year. There are Research Assistant (RA) and Teaching Assistant (TA) opportunities on campus. Assistantships are generally awarded to continuing students who have performed well academically. A number of our students have been RAs for different programs on campus, including Computer Science, Foreign Service, and Public Policy. Our program hires many of our own students as TAs each semester. You can learn about how assistantships work by visiting the Graduate School of Arts and Sciences Financial Support page.",,,,,,,,,,,,,,,,,,,,,,,,
funding,Do Assistantship comes with a full tuition scholarship?,"Our program automatically considers accepted students for merit-based scholarships which are sent alongside a student's acceptance letter. If you get accepted into our program and there is no financial scholarship mentioned then that means you did not get one. As a returning student in your second year, you will be eligible to compete for a merit-based scholarship. Most of our scholarships are the equivalent of one or two classes per year. There are Research Assistant (RA) and Teaching Assistant (TA) opportunities on campus. Assistantships are generally awarded to continuing students who have performed well academically. A number of our students have been RAs for different programs on campus, including Computer Science, Foreign Service, and Public Policy. Our program hires many of our own students as TAs each semester. You can learn about how assistantships work by visiting the Graduate School of Arts and Sciences Financial Support page.",,,,,,,,,,,,,,,,,,,,,,,,
GMAT,Is GMAT accepted,"We do accept GMAT scores. Please note GRE/GMAT is not mandatory. If you think your GMAT score will boost your application, we encourage you to send it to us! You can send the official GMAT scores using the code JT7-GJ-96",,,,,,,,,,,,,,,,,,,,,,,,
GMAT,can you provide the MS in Data Science and Analytics school code for GMAT? ,"We do accept GMAT scores. Please note GRE/GMAT is not mandatory. If you think your GMAT score will boost your application, we encourage you to send it to us! You can send the official GMAT scores using the code JT7-GJ-97",,,,,,,,,,,,,,,,,,,,,,,,
GMAT,can I can apply your program with my GMAT score?,"We do accept GMAT scores. Please note GRE/GMAT is not mandatory. If you think your GMAT score will boost your application, we encourage you to send it to us! You can send the official GMAT scores using the code JT7-GJ-98",,,,,,,,,,,,,,,,,,,,,,,,
GMAT,what is the school code to send GMAT scores,"We do accept GMAT scores. Please note GRE/GMAT is not mandatory. If you think your GMAT score will boost your application, we encourage you to send it to us! You can send the official GMAT scores using the code JT7-GJ-99",,,,,,,,,,,,,,,,,,,,,,,,
GMAT,I request you to please let me know if my GMAT score is acceptable in lieu of the GRE score.,"We do accept GMAT scores. Please note GRE/GMAT is not mandatory. If you think your GMAT score will boost your application, we encourage you to send it to us! You can send the official GMAT scores using the code JT7-GJ-100",,,,,,,,,,,,,,,,,,,,,,,,
goodbye,Bye,See you!,,,,,,,,,,,,,,,,,,,,,,,,
goodbye,See you later,"Nice chatting with you, Bye!",,,,,,,,,,,,,,,,,,,,,,,,
goodbye,Goodbye,Till next time!,,,,,,,,,,,,,,,,,,,,,,,,
goodbye,"Nice chatting to you, bye",Till next time!,,,,,,,,,,,,,,,,,,,,,,,,
goodbye,Till next time,"Nice chatting with you, Bye!",,,,,,,,,,,,,,,,,,,,,,,,
GRE_code,How can I send GRE scores,We do require that you send the official test score through ETS. The school code is 5244. It is not necessary to specify any departmental code.,,,,,,,,,,,,,,,,,,,,,,,,
GRE_code,do I need to send an official GRE score through ETS?,We do require that you send the official test score through ETS. The school code is 5244. It is not necessary to specify any departmental code.,,,,,,,,,,,,,,,,,,,,,,,,
GRE_code,what is the school code to send GRE scores,We do require that you send the official test score through ETS. The school code is 5244. It is not necessary to specify any departmental code.,,,,,,,,,,,,,,,,,,,,,,,,
GRE_code,Do you need to have received the official scores from the testing agency for them to be considered.,We do require that you send the official test score through ETS. The school code is 5244. It is not necessary to specify any departmental code.,,,,,,,,,,,,,,,,,,,,,,,,
GRE_code,Could you please give me your GRE code?,We do require that you send the official test score through ETS. The school code is 5244. It is not necessary to specify any departmental code.,,,,,,,,,,,,,,,,,,,,,,,,
GRE_code,What code should I use to send the score through the ETS,We do require that you send the official test score through ETS. The school code is 5244. It is not necessary to specify any departmental code.,,,,,,,,,,,,,,,,,,,,,,,,
GRE_code,"if I choose to submit my GRE score, do I need to request the official score to your office?",We do require that you send the official test score through ETS. The school code is 5244. It is not necessary to specify any departmental code.,,,,,,,,,,,,,,,,,,,,,,,,
GRE_code,"should I require it from ETS and send the official score directly to you, or is it fine for me just simply upload the unofficial score on the application form?",We do require that you send the official test score through ETS. The school code is 5244. It is not necessary to specify any departmental code.,,,,,,,,,,,,,,,,,,,,,,,,
GRE_code,what is the department code of this program?,We do require that you send the official test score through ETS. The school code is 5244. It is not necessary to specify any departmental code.,,,,,,,,,,,,,,,,,,,,,,,,
GRE_code,Could you please tell me the code for reporting GRE to your program?,We do require that you send the official test score through ETS. The school code is 5244. It is not necessary to specify any departmental code.,,,,,,,,,,,,,,,,,,,,,,,,
GRE_con,will GRE scores be considered during the review process?,"Although GRE is not required. If you think your GRE score will boost your application, we encourage you to send it to us! You can send the GRE scores through ETS through the code: 5244. It is not necessary to specify any departmental code.",,,,,,,,,,,,,,,,,,,,,,,,
GRE_con,"I if I send my score to the university, will it increase my change to get into the program?","Although GRE is not required, if you think your GRE score will boost your application, we encourage you to send it to us! Your scores will be taken into consideration. You can send the GRE scores through ETS through the code: 5244. It is not necessary to specify any departmental code.",,,,,,,,,,,,,,,,,,,,,,,,
GRE_con,"I have already taken the GRE test in November and achieved a pretty good score, which will greatly strengthen my candidacy. Hence, I want to know whether the admission committee will conduct a GRE-blind review of all applications?","Although GRE is not required, if you think your GRE score will boost your application, we encourage you to send it to us! Your scores will be taken into consideration. You can send the GRE scores through ETS through the code: 5244. It is not necessary to specify any departmental code.",,,,,,,,,,,,,,,,,,,,,,,,
GRE_con,Will GRE scores be reviewed?,"Although GRE is not required, if you think your GRE score will boost your application, we encourage you to send it to us! Your scores will be taken into consideration. You can send the GRE scores through ETS through the code: 5244. It is not necessary to specify any departmental code.",,,,,,,,,,,,,,,,,,,,,,,,
GRE_con,"I see that GRE is ""not required"" for admission. Does this mean that there are no advantages/disadvantages of submitting GRE scores?","Although GRE is not required, if you think your GRE score will boost your application, we encourage you to send it to us! Your scores will be taken into consideration. You can send the GRE scores through ETS through the code: 5244. It is not necessary to specify any departmental code.",,,,,,,,,,,,,,,,,,,,,,,,
GRE_con,"When the GRE exam is not required, can I send my GRE score to you? Will it be reviewed?","Although GRE is not required, if you think your GRE score will boost your application, we encourage you to send it to us! Your scores will be taken into consideration. You can send the GRE scores through ETS through the code: 5244. It is not necessary to specify any departmental code.",,,,,,,,,,,,,,,,,,,,,,,,
GRE_req,Is GRE mandatory,"Please be aware that we do not require the GRE to be submitted as a part of the application, it is completely optional. However, if you decide to submit scores, we do accept the GRE or GMAT or GRE at home scores.",,,,,,,,,,,,,,,,,,,,,,,,
GRE_req,Are GRE at home scores accepted,"Please be aware that we do not require the GRE to be submitted as a part of the application, it is completely optional. However, if you decide to submit scores, we do accept the GRE or GMAT or GRE at home scores.",,,,,,,,,,,,,,,,,,,,,,,,
GRE_req,Is GRE Score required for MSc Data Science,"Please be aware that we do not require the GRE to be submitted as a part of the application, it is completely optional. However, if you decide to submit scores, we do accept the GRE or GMAT or GRE at home scores.",,,,,,,,,,,,,,,,,,,,,,,,
GRE_req,is the GRE waived ,"Please be aware that we do not require the GRE to be submitted as a part of the application, it is completely optional. However, if you decide to submit scores, we do accept the GRE or GMAT or GRE at home scores.",,,,,,,,,,,,,,,,,,,,,,,,
GRE_req,is GRE required for international students,"Please be aware that we do not require the GRE to be submitted as a part of the application, it is completely optional. However, if you decide to submit scores, we do accept the GRE or GMAT or GRE at home scores.",,,,,,,,,,,,,,,,,,,,,,,,
GRE_req,what is the minimum required GRE score?,"Please be aware that we do not require the GRE to be submitted as a part of the application, it is completely optional. However, if you decide to submit scores, we do accept the GRE or GMAT or GRE at home scores.",,,,,,,,,,,,,,,,,,,,,,,,
GRE_req,Is the GRE Examination Optional,"Please be aware that we do not require the GRE to be submitted as a part of the application, it is completely optional. However, if you decide to submit scores, we do accept the GRE or GMAT or GRE at home scores.",,,,,,,,,,,,,,,,,,,,,,,,
GRE_req,could you waive GRE requirement for international students?,"Please be aware that we do not require the GRE to be submitted as a part of the application, it is completely optional. However, if you decide to submit scores, we do accept the GRE or GMAT or GRE at home scores.",,,,,,,,,,,,,,,,,,,,,,,,
GRE_req,Will you accept GRE Home test in this round application?,"Please be aware that we do not require the GRE to be submitted as a part of the application, it is completely optional. However, if you decide to submit scores, we do accept the GRE or GMAT or GRE at home scores.",,,,,,,,,,,,,,,,,,,,,,,,
greeting,Hi there,"Hi there, how can I help?",,,,,,,,,,,,,,,,,,,,,,,,
greeting,How are you,"Hello, thanks for asking",,,,,,,,,,,,,,,,,,,,,,,,
greeting,Is anyone there?,"Hi there, how can I help?",,,,,,,,,,,,,,,,,,,,,,,,
greeting,Hey,"Hi there, how can I help?",,,,,,,,,,,,,,,,,,,,,,,,
greeting,Hola,"Hi there, how can I help?",,,,,,,,,,,,,,,,,,,,,,,,
greeting,Hello,"Hi there, how can I help?",,,,,,,,,,,,,,,,,,,,,,,,
greeting,Good Day,Good to see you,,,,,,,,,,,,,,,,,,,,,,,,
ielts,is ielts accepted instead of toefl,We accept IELTS. A minimum score of 7.5 from the International English Language Testing System (IELTS).,,,,,,,,,,,,,,,,,,,,,,,,
ielts,can i send ielts scores instead of toefl,We accept IELTS. A minimum score of 7.5 from the International English Language Testing System (IELTS).,,,,,,,,,,,,,,,,,,,,,,,,
ielts,what is the minimum required score for ielts,We accept IELTS. A minimum score of 7.5 from the International English Language Testing System (IELTS).,,,,,,,,,,,,,,,,,,,,,,,,
ielts,what is the minimum ielts score,We accept IELTS. A minimum score of 7.5 from the International English Language Testing System (IELTS).,,,,,,,,,,,,,,,,,,,,,,,,
ielts,is ielts accepted as english proficiency requirement,We accept IELTS. A minimum score of 7.5 from the International English Language Testing System (IELTS).,,,,,,,,,,,,,,,,,,,,,,,,
ielts,what is the minimum required IELTS score,We accept IELTS. A minimum score of 7.5 from the International English Language Testing System (IELTS).,,,,,,,,,,,,,,,,,,,,,,,,
information_session,does the program have an information session,The Information Session generally takes place in October- November. Applicants can register for the same. Please email gradanalytics@georgetown.edu for the exam dates and signup sheet. You can view previous information session recordings and slides here: https://analytics.georgetown.edu/admissions/oh_webinars/,,,,,,,,,,,,,,,,,,,,,,,,
information_session,is there an upcoming information session,The Information Session generally takes place in October- November. Applicants can register for the same. Please email gradanalytics@georgetown.edu for the exam dates and signup sheet. You can view previous information session recordings and slides here: https://analytics.georgetown.edu/admissions/oh_webinars/,,,,,,,,,,,,,,,,,,,,,,,,
information_session,can you share details for the information session,The Information Session generally takes place in October- November. Applicants can register for the same. Please email gradanalytics@georgetown.edu for the exam dates and signup sheet. You can view previous information session recordings and slides here: https://analytics.georgetown.edu/admissions/oh_webinars/,,,,,,,,,,,,,,,,,,,,,,,,
information_session,where can i register for the information session,The Information Session generally takes place in October- November. Applicants can register for the same. Please email gradanalytics@georgetown.edu for the exam dates and signup sheet. You can view previous information session recordings and slides here: https://analytics.georgetown.edu/admissions/oh_webinars/,,,,,,,,,,,,,,,,,,,,,,,,
information_session,when is the upcoming information,The Information Session generally takes place in October- November. Applicants can register for the same. Please email gradanalytics@georgetown.edu for the exam dates and signup sheet. You can view previous information session recordings and slides here: https://analytics.georgetown.edu/admissions/oh_webinars/,,,,,,,,,,,,,,,,,,,,,,,,
instate tuition,is there in-state tuition,"Georgetown University is a private institution and therefore there is no ""in-state"" tuition. The tuition per credit is the same for all students. ",,,,,,,,,,,,,,,,,,,,,,,,
instate tuition,does the university have instate and outstate fees,"Georgetown University is a private institution and therefore there is no ""in-state"" tuition. The tuition per credit is the same for all students. ",,,,,,,,,,,,,,,,,,,,,,,,
instate tuition,can i considered for instate tuition,"Georgetown University is a private institution and therefore there is no ""in-state"" tuition. The tuition per credit is the same for all students. ",,,,,,,,,,,,,,,,,,,,,,,,
instate tuition,I live in Virginia State. Am I considered in state for tuition or out of state?,"Georgetown University is a private institution and therefore there is no ""in-state"" tuition. The tuition per credit is the same for all students. ",,,,,,,,,,,,,,,,,,,,,,,,
instate tuition,can international students get in-state tuition,"Georgetown University is a private institution and therefore there is no ""in-state"" tuition. The tuition per credit is the same for all students. ",,,,,,,,,,,,,,,,,,,,,,,,
late_documents,can i send required application materials after the application deadline,"It is possible to update your application after you submitted it. Once you get your documents, just email them to us at this address with a note explaining your situation and we will forward it to the admissions team! Please note that the final deadline to submit all application materials is January 15. ",,,,,,,,,,,,,,,,,,,,,,,,
late_documents,can i submit my application after the application deadline,"It is possible to update your application after you submitted it. Once you get your documents, just email them to us at this address with a note explaining your situation and we will forward it to the admissions team! Please note that the final deadline to submit all application materials is January 15. ",,,,,,,,,,,,,,,,,,,,,,,,
late_documents,i haven't received my WES transcripts. Can i submit them after the application deadline?,"It is possible to update your application after you submitted it. Once you get your documents, just email them to us at this address with a note explaining your situation and we will forward it to the admissions team! Please note that the final deadline to submit all application materials is January 15. ",,,,,,,,,,,,,,,,,,,,,,,,
late_documents,can i send my GRE scores after the application deadline,"It is possible to update your application after you submitted it. Once you get your documents, just email them to us at this address with a note explaining your situation and we will forward it to the admissions team! Please note that the final deadline to submit all application materials is January 15. ",,,,,,,,,,,,,,,,,,,,,,,,
late_documents,can still report the GRE score after I submit all my other application materials by the deadline,"It is possible to update your application after you submitted it. Once you get your documents, just email them to us at this address with a note explaining your situation and we will forward it to the admissions team! Please note that the final deadline to submit all application materials is January 15. ",,,,,,,,,,,,,,,,,,,,,,,,
Online/Offline,can i attend the program online,"The program is currently only offered in-person, but students have the option between choosing full-time or part-time. The majority of our students are full-time, but students who are also working typically choose to be part-time. Almost all classes have different sections so students can choose a time that best suits them.",,,,,,,,,,,,,,,,,,,,,,,,
Online/Offline,Is the course Online? or given over the weekend?,"The program is currently only offered in-person, but students have the option between choosing full-time or part-time. The majority of our students are full-time, but students who are also working typically choose to be part-time. Almost all classes have different sections so students can choose a time that best suits them.",,,,,,,,,,,,,,,,,,,,,,,,
Online/Offline,can i attend classes online while working,"The program is currently only offered in-person, but students have the option between choosing full-time or part-time. The majority of our students are full-time, but students who are also working typically choose to be part-time. Almost all classes have different sections so students can choose a time that best suits them.",,,,,,,,,,,,,,,,,,,,,,,,
Online/Offline,can i attend classes online,"The program is currently only offered in-person, but students have the option between choosing full-time or part-time. The majority of our students are full-time, but students who are also working typically choose to be part-time. Almost all classes have different sections so students can choose a time that best suits them.",,,,,,,,,,,,,,,,,,,,,,,,
Online/Offline,Is this program offered online or is this fully in-person?,"The program is currently only offered in-person, but students have the option between choosing full-time or part-time. The majority of our students are full-time, but students who are also working typically choose to be part-time. Almost all classes have different sections so students can choose a time that best suits them.",,,,,,,,,,,,,,,,,,,,,,,,
options,How can you help me?,"I can guide you through the application process, answer questions related to DSAN program, point you to the right resource or help set up meetings",,,,,,,,,,,,,,,,,,,,,,,,
options,What can you do?,"I can guide you through the application process, answer questions related to DSAN program, point you to the right resource or help set up meetings",,,,,,,,,,,,,,,,,,,,,,,,
options,How can you be helpful?,"I can guide you through the application process, answer questions related to DSAN program, point you to the right resource or help set up meetings",,,,,,,,,,,,,,,,,,,,,,,,
options,What support is offered?,"I can guide you through the application process, answer questions related to DSAN program, point you to the right resource or help set up meetings",,,,,,,,,,,,,,,,,,,,,,,,
part time,Can i be a part time student,"Yes. This is possible for students who are not on a student visa. This may be a good option for students who wish to continue their full-time job while attending the program, especially if they receive financial support from their employer. Graduate School rules state that students admitted to a master’s degree program are allowed three years from matriculation to complete all requirements for the degree. Talk to your advisor if you think you might take longer, since there are ways to get an extension.",,,,,,,,,,,,,,,,,,,,,,,,
part time,Can i enroll as part time student,"Yes. This is possible for students who are not on a student visa. This may be a good option for students who wish to continue their full-time job while attending the program, especially if they receive financial support from their employer. Graduate School rules state that students admitted to a master’s degree program are allowed three years from matriculation to complete all requirements for the degree. Talk to your advisor if you think you might take longer, since there are ways to get an extension.",,,,,,,,,,,,,,,,,,,,,,,,
part time,Does the program allow part time students,"Yes. This is possible for students who are not on a student visa. This may be a good option for students who wish to continue their full-time job while attending the program, especially if they receive financial support from their employer. Graduate School rules state that students admitted to a master’s degree program are allowed three years from matriculation to complete all requirements for the degree. Talk to your advisor if you think you might take longer, since there are ways to get an extension.",,,,,,,,,,,,,,,,,,,,,,,,
part time,can international students enroll as part time,"Yes. This is possible for students who are not on a student visa. This may be a good option for students who wish to continue their full-time job while attending the program, especially if they receive financial support from their employer. Graduate School rules state that students admitted to a master’s degree program are allowed three years from matriculation to complete all requirements for the degree. Talk to your advisor if you think you might take longer, since there are ways to get an extension.",,,,,,,,,,,,,,,,,,,,,,,,
part time,can international students enroll as part time,"Yes. It is possible to switch back and forth between full-time and part-time status, and many students do this depending on their desired balance of work and study. However, international students must remain on full-time status throughout and may only switch to part-time status during their last semester. In addition, students should keep in mind that they are required to complete the program within three calendar years.",,,,,,,,,,,,,,,,,,,,,,,,
part time,can i switch from part time to full time,"Yes. It is possible to switch back and forth between full-time and part-time status, and many students do this depending on their desired balance of work and study. However, international students must remain on full-time status throughout and may only switch to part-time status during their last semester. In addition, students should keep in mind that they are required to complete the program within three calendar years.",,,,,,,,,,,,,,,,,,,,,,,,
prereq_course,what are the basic prerequisite for the course?,"Required courses are Multivariable Calculus , Calculus-based Statistics, Computer Programming. For more information Check here https://analytics.georgetown.edu/admissions/requirements/",,,,,,,,,,,,,,,,,,,,,,,,
prereq_course,can you give me all the information on the prerequisites for the program,"Required courses are Multivariable Calculus , Calculus-based Statistics, Computer Programming. For more information Check here https://analytics.georgetown.edu/admissions/requirements/",,,,,,,,,,,,,,,,,,,,,,,,
prereq_course,can you list all prerequisites courses,"Required courses are Multivariable Calculus , Calculus-based Statistics, Computer Programming. For more information Check here https://analytics.georgetown.edu/admissions/requirements/",,,,,,,,,,,,,,,,,,,,,,,,
prereq_course,what are the preferred prerequisite courses for the program,"Required courses are Multivariable Calculus , Calculus-based Statistics, Computer Programming. For more information Check here https://analytics.georgetown.edu/admissions/requirements/",,,,,,,,,,,,,,,,,,,,,,,,
prereq_course,Is Calculus a prerequisite?,"Required courses are Multivariable Calculus , Calculus-based Statistics, Computer Programming. For more information Check here https://analytics.georgetown.edu/admissions/requirements/",,,,,,,,,,,,,,,,,,,,,,,,
prereq_course,Is Statistics a prerequisite?,"Required courses are Multivariable Calculus , Calculus-based Statistics, Computer Programming. For more information Check here https://analytics.georgetown.edu/admissions/requirements/",,,,,,,,,,,,,,,,,,,,,,,,
prereq_course,Can you suggest me the prerequisite courses for the program,"Required courses are Multivariable Calculus , Calculus-based Statistics, Computer Programming. For more information Check here https://analytics.georgetown.edu/admissions/requirements/",,,,,,,,,,,,,,,,,,,,,,,,
prereq_place,Do these online courses fulfill the relevant prerequisites?,You can either take prerequisite classes at Georgetown as a visiting non-degree student or from community colleges or certified online program,,,,,,,,,,,,,,,,,,,,,,,,
prereq_place,is there a preferred institution from where the pre-requisite courses should be taken?,You can either take prerequisite classes at Georgetown as a visiting non-degree student or from community colleges or certified online program,,,,,,,,,,,,,,,,,,,,,,,,
prereq_place,If NVCC is acceptable,You can either take prerequisite classes at Georgetown as a visiting non-degree student or from community colleges/certified online program,,,,,,,,,,,,,,,,,,,,,,,,
prereq_waiver,Is a waiver possible on the prerequisites for the program,"For waiver request, please send your details at gradanalaytics@georgetown.edu",,,,,,,,,,,,,,,,,,,,,,,,
prereq_waiver,Can the prerequisites be waived off.,"For waiver request, please send your details at gradanalaytics@georgetown.edu",,,,,,,,,,,,,,,,,,,,,,,,
prereq_place,How to complete the course prerequisites?,You can either take prerequisite classes at Georgetown as a visiting non-degree student or from community colleges or certified online program,,,,,,,,,,,,,,,,,,,,,,,,
prereq_place,How can I meet all course prerequisites?,You can either take prerequisite classes at Georgetown as a visiting non-degree student or from community colleges or certified online program,,,,,,,,,,,,,,,,,,,,,,,,
prereq_lang,could you tell me which computer languages are preferred?,We use R and Python extensively in our program,,,,,,,,,,,,,,,,,,,,,,,,
prereq_lang,What coding languages are prefered?,We use R and Python extensively in our program,,,,,,,,,,,,,,,,,,,,,,,,
prereq_lang,Is there any specific programming language used?,We use R and Python extensively in our program,,,,,,,,,,,,,,,,,,,,,,,,
prereq_lang,Should I know Python or R?,We use R and Python extensively in our program,,,,,,,,,,,,,,,,,,,,,,,,
prereq_lang,which all programming languages are preferred for the program?,We use R and Python extensively in our program,,,,,,,,,,,,,,,,,,,,,,,,
prereq_course,what are the prerequisites for the course?,"Required courses are Multivariable Calculus , Calculus-based Statistics, Computer Programming. For more information Check here https://analytics.georgetown.edu/admissions/requirements/",,,,,,,,,,,,,,,,,,,,,,,,
prereq_course,is there any prerequisite course I need to take to get into this program,"Required courses are Multivariable Calculus , Calculus-based Statistics, Computer Programming. For more information Check here https://analytics.georgetown.edu/admissions/requirements/",,,,,,,,,,,,,,,,,,,,,,,,
prereq_place,can I complete the prerequisite credits after being accepted to the school.,These courses must be complete before you start the program in August.,,,,,,,,,,,,,,,,,,,,,,,,
prereq_course,Can I see the program requirements webpage?,"Required courses are Multivariable Calculus , Calculus-based Statistics, Computer Programming. For more information Check here https://analytics.georgetown.edu/admissions/requirements/",,,,,,,,,,,,,,,,,,,,,,,,
prereq_waiver,Can I take prerequisite courses at Georgetown so I can fulfill the MS application requirements?,"Yes, you can take classes at Georgetown as a visiting non-degree student. And accept prerequisite courses from community colleges or certified online program",,,,,,,,,,,,,,,,,,,,,,,,
prereq_waiver,Can I take prerequisite courses at Georgetown to fulfill the application requirements?,"Yes, you can take classes at Georgetown as a visiting non-degree student. And accept prerequisite courses from community colleges or certified online program",,,,,,,,,,,,,,,,,,,,,,,,
prereq_course,Can you give me more details on prerequisite?,"Required courses are Multivariable Calculus , Calculus-based Statistics, Computer Programming. For more information Check here https://analytics.georgetown.edu/admissions/requirements/",,,,,,,,,,,,,,,,,,,,,,,,
prereq_course,What are the recommended prerequisites?,"Required courses are Multivariable Calculus , Calculus-based Statistics, Computer Programming. For more information Check here https://analytics.georgetown.edu/admissions/requirements/",,,,,,,,,,,,,,,,,,,,,,,,
prereq_place,how I could meet the requirements?,You can either take prerequisite classes at Georgetown as a visiting non-degree student or from community colleges or certified online program,,,,,,,,,,,,,,,,,,,,,,,,
recommendation letters,can you give me more information about the recommendation letters,"Our application requires 3 letters of recommendation. Recommenders can be anyone you know that you believe could help make your application stronger and can speak to your ability to succeed in the program. These typically come from professors, mentors, work managers, etc.",,,,,,,,,,,,,,,,,,,,,,,,
recommendation letters,can I submit two recommendation letters from professionals and 1 from school,"Our application requires 3 letters of recommendation. Recommenders can be anyone you know that you believe could help make your application stronger and can speak to your ability to succeed in the program. These typically come from professors, mentors, work managers, etc.",,,,,,,,,,,,,,,,,,,,,,,,
recommendation letters,How many recommendation letters do I need for this program?,"Our application requires 3 letters of recommendation. Recommenders can be anyone you know that you believe could help make your application stronger and can speak to your ability to succeed in the program. These typically come from professors, mentors, work managers, etc.",,,,,,,,,,,,,,,,,,,,,,,,
recommendation letters,Do my three letters of recommendation have to come from academic sources?,"Our application requires 3 letters of recommendation. Recommenders can be anyone you know that you believe could help make your application stronger and can speak to your ability to succeed in the program. These typically come from professors, mentors, work managers, etc.",,,,,,,,,,,,,,,,,,,,,,,,
recommendation letters,Could I have a recommendation letter from the professional resource?,"Our application requires 3 letters of recommendation. Recommenders can be anyone you know that you believe could help make your application stronger and can speak to your ability to succeed in the program. These typically come from professors, mentors, work managers, etc.",,,,,,,,,,,,,,,,,,,,,,,,
recommendation letters,Do my three letters of recommendation have to come from academic sources?,"Our application requires 3 letters of recommendation. Recommenders can be anyone you know that you believe could help make your application stronger and can speak to your ability to succeed in the program. These typically come from professors, mentors, work managers, etc.",,,,,,,,,,,,,,,,,,,,,,,,
scope,Would this program help prepare someone to enter a field of business analytics?,"Yes, the courses you take as a part of this program will help you develop many of the skills you will need as a business analyst. You can review our curriculum to see if it aligns with what you are looking for.  ",,,,,,,,,,,,,,,,,,,,,,,,
scope,"Since there is no capstone project, are there other projects within the course that would help prepare you for real-world examples?",Each course has a final project at the end of the course. These are designed to help prepare students for real-world data science problems.,,,,,,,,,,,,,,,,,,,,,,,,
score confirmation,I have already sent my scores. Can I get a confirmation if you received it ,"You can check the status of your application materials by logging into the application portal and viewing your application checklist. Unfortunately, we in the MS DSAN program do not have access to test scores, so if you have further questions, please contact the Office of Graduate Admissions at gradmail@georgetown.edu.",,,,,,,,,,,,,,,,,,,,,,,,
score confirmation,has the program received my scores?,"You can check the status of your application materials by logging into the application portal and viewing your application checklist. Unfortunately, we in the MS DSAN program do not have access to test scores, so if you have further questions, please contact the Office of Graduate Admissions at gradmail@georgetown.edu.",,,,,,,,,,,,,,,,,,,,,,,,
score confirmation,Could I know the approximate number of days needed to process my transcript? ,"You can check the status of your application materials by logging into the application portal and viewing your application checklist. Unfortunately, we in the MS DSAN program do not have access to test scores, so if you have further questions, please contact the Office of Graduate Admissions at gradmail@georgetown.edu.",,,,,,,,,,,,,,,,,,,,,,,,
score confirmation,I would like to get confirmation if you received the TOEFL and GRE scores.,"You can check the status of your application materials by logging into the application portal and viewing your application checklist. Unfortunately, we in the MS DSAN program do not have access to test scores, so if you have further questions, please contact the Office of Graduate Admissions at gradmail@georgetown.edu.",,,,,,,,,,,,,,,,,,,,,,,,
statement of purpose,instructions for statement of purpose,"In your statement of purpose please let us know why you selected Georgetown specifically, why you want to earn a data science degree, why you think you are a good fit for our program, and why you think our program is a good fit for you. Provide any academic background, research projects, or work experience that you think has prepared you for a graduate program in data science. ",,,,,,,,,,,,,,,,,,,,,,,,
stem,is the program STEM,"Yes, our program is a STEM certified program.",,,,,,,,,,,,,,,,,,,,,,,,
stem,is this program STEM eligible,"Yes, our program is a STEM certified program.",,,,,,,,,,,,,,,,,,,,,,,,
stem,is the program STEM certified,"Yes, our program is a STEM certified program.",,,,,,,,,,,,,,,,,,,,,,,,
summer courses,Does the program offer graduate courses during the summer?,"Yes, the Data Science & Analytics program typically offers one to two classes during summer semester. Students may also take coursework from other programs to satisfy elective requirements during the summer.",,,,,,,,,,,,,,,,,,,,,,,,
summer courses,Are summer courses offered,"Yes, the Data Science & Analytics program typically offers one to two classes during summer semester. Students may also take coursework from other programs to satisfy elective requirements during the summer.",,,,,,,,,,,,,,,,,,,,,,,,
thanks,Thanks,Anytime. Good luck on your application!,,,,,,,,,,,,,,,,,,,,,,,,
thanks,Thank you,My pleasure!,,,,,,,,,,,,,,,,,,,,,,,,
thanks,That’s helpful,Anytime!,,,,,,,,,,,,,,,,,,,,,,,,
thanks,"Awesome, thanks",My pleasure!,,,,,,,,,,,,,,,,,,,,,,,,
thanks,Thanks for helping me,Good luck on your application!,,,,,,,,,,,,,,,,,,,,,,,,
toefl,can i get TOEFL waiver,"If you earn your degree from an accredited institution in which English is the primary language of instruction, you do not have to submit TOEFL/IELTS scores.",,,,,,,,,,,,,,,,,,,,,,,,
toefl,is TOEFL mandatory,"If you earn your degree from an accredited institution in which English is the primary language of instruction, you do not have to submit TOEFL/IELTS scores else.",,,,,,,,,,,,,,,,,,,,,,,,
toefl,Do I have to self-report my scores or send it through ETS?,"To report your official test scores, you will need to have your scores sent directly by the testing agency. We are unable to accept copies or unofficial score reports sent by applicants. You should request that ETS (Educational Testing Services) send your TOEFL scores to Georgetown University Graduate School of Arts and Sciences (ETS Code: 5244). You do not need to specify any departmental code.",,,,,,,,,,,,,,,,,,,,,,,,
toefl,is English-proficiency mandatory to apply in your university,"If you earn your degree from an accredited institution in which English is the primary language of instruction, you do not have to submit TOEFL/IELTS scores.",,,,,,,,,,,,,,,,,,,,,,,,
toefl,what is the minimum required TOEFL score,A minimum score of 600 (paper-based test) or 250 (computer-based tests) or 100 (iBT test) on the Test of English as a Foreign Language (TOEFL).,,,,,,,,,,,,,,,,,,,,,,,,
toefl,Do you accept TOEFL Home Edition Test for Fall2023 applicants?,"Yes, we do accept the TOEFL IBT Special Home edition.",,,,,,,,,,,,,,,,,,,,,,,,
toefl,Am I eligible for an English test waiver.,Its applicable only if you earn a degree from an institution where the primary language of instruction is English,,,,,,,,,,,,,,,,,,,,,,,,
wes,do I need to do the international transcripts evaluation like WES on the transcripts,"International applicants who attended institutions outside of the United States must submit WES. You will not need to send your WES report to our school at this time; instead, you should ask WES to send the evaluation directly to you, and then you should upload the evaluation directly to the online application. An official transcript will be required if you are offered admission to the program.",,,,,,,,,,,,,,,,,,,,,,,,
wes,Do international students require WES evaluation?,"International applicants who attended institutions outside of the United States must submit WES. You will not need to send your WES report to our school at this time; instead, you should ask WES to send the evaluation directly to you, and then you should upload the evaluation directly to the online application. An official transcript will be required if you are offered admission to the program.",,,,,,,,,,,,,,,,,,,,,,,,
wes,can I waive WES requirement,"International applicants who attended institutions outside of the United States must submit WES. You will not need to send your WES report to our school at this time; instead, you should ask WES to send the evaluation directly to you, and then you should upload the evaluation directly to the online application. An official transcript will be required if you are offered admission to the program.",,,,,,,,,,,,,,,,,,,,,,,,
wes,is WES mandatory for international students,"International applicants who attended institutions outside of the United States must submit WES. You will not need to send your WES report to our school at this time; instead, you should ask WES to send the evaluation directly to you, and then you should upload the evaluation directly to the online application. An official transcript will be required if you are offered admission to the program.",,,,,,,,,,,,,,,,,,,,,,,,
wes,how can i submit WES scores,"International applicants who attended institutions outside of the United States must submit WES. You will not need to send your WES report to our school at this time; instead, you should ask WES to send the evaluation directly to you, and then you should upload the evaluation directly to the online application. An official transcript will be required if you are offered admission to the program.",,,,,,,,,,,,,,,,,,,,,,,,
